id,username,video_url,video_caption,follower_count,like_count,followers,likes
1,djsholz,https://www.tiktok.com/@djsholz/video/7312066177889619233,BREAKFAST IN LAGOS - THE MIXTAPE - OUT NOWâ€¼ï¸ - Bondage ğŸ”’ğŸ”’ğŸ”’ #breakfastinlagos #traveltok #hiddengems #relationships #linkinbio ,0,0,0,0
2,ferinajo,https://www.tiktok.com/@ferinajo/video/7311335991875325189,Chasing waterfalls is still my favourite thing to do in Ghana #tiktoktravel #travelghana #chasingwaterfalls #waterfallsinghana #ghanatiktok #solotravel ,0,0,0,0
3,im_a.bigail,https://www.tiktok.com/@im_a.bigail/video/7293468715008544005,Join our international or domestic trips. We offer private trips too. For more enquiries visit @transit.global on Instagram or contact +233-5323-33543. You can also email us on transiit.global@gmail.com  #tiktoker #travel #traveltiktok #traveltok #tourism #experience #aburi #quadbiking #waterfall #asenemawaterfalls #tprquadbikes #tprquadbiking #vlog #shawama #wrapsbyduce ,0,0,0,0
4,tasteofgh,https://www.tiktok.com/@tasteofgh/video/7309815506020617478,Not so blue but the view though ğŸ¤£ğŸ¤£ğŸ¤£ğŸ¤£ğŸ¤£. #ghanatiktokğŸ‡¬ğŸ‡­ #traveltok ,0,0,0,0
5,abigaelfatoki,https://www.tiktok.com/@abigaelfatoki/video/7309105866748202246,Travel from lagos to los angeles with me ğŸ¤ #VlogAdventure #TravelVlogLife #ExploreWithMe #VloggingJourney #WanderlustVlogs #VloggersOfTheWorld #TravelVlogMagic #JourneyInMotion #VloggersParadise #TravelVloggersUnite #VlogExploreRepeat #VloggersGlobe #WanderlustVlogging #VlogAdventureTime #TravelVlogDiary #VloggersEscape #ExploreVlogSeries #VloggingTheWorld #VlogLifeAdventures #TravelVlogDreams #VloggersDiscover #WanderlustVloggers #VlogVentures #TravelVlogQuest #VloggingExpedition #VloggersWanderlust #TravelVlogChronicles #VloggersEscapePlan #VloggersJourney #TravelVlogOdyssey #travel #traveltiktok #traveltok #travelvlog #travelwithme ,0,0,0,0
6,msjummyo,https://www.tiktok.com/@msjummyo/video/7309296808155417862,After almost 20 years I'm back in Nigeria for Detty December ğŸ™ŒğŸ¾ğŸ‡³ğŸ‡¬ It feels so good to be home! Let me know if I should post a daily blog during my stay here #nigeria #nigeriantiktokğŸ‡³ğŸ‡¬ #traveltok #traveltiktok #travel #africantravel #dettydecember #lagosnigeria #nigeriantiktok #naija #naijatiktok #lagostiktok #travelvlog #dailytravelvlog ,0,0,0,0
7,torivickyyy,https://www.tiktok.com/@torivickyyy/video/7307679885265210630,2023 travel dumpğŸ§³ Greece ğŸ›«  Soft Life or nothing ğŸ¤— BELLA OKAEGBUE ğŸ«¶ #bigbella #shella #traveltok ,0,0,0,0
8,soma_angel_somgel,https://www.tiktok.com/@soma_angel_somgel/video/7307540358194318598,Good morning and a Happy New Month 4rm Angelito ğŸ’• May this month bring lots of Joy & goodies in our lives ğŸ™â¤ï¸ #angel #angelsmith #bbnaija #bbnaijaallstars #bbnallstars #traveltok ,0,0,0,0
9,abujacitytourist,https://www.tiktok.com/@abujacitytourist/video/7286434370758446342,I love parks. Millennium park is really beautiful. Its free access park in Abuja.  #abujapark #milleniumpark #abujanigeria #abujatiktokers #abujaplaces #nigeria #nigeriantiktokğŸ‡³ğŸ‡¬ #traveltok #travelnigeria ,0,0,0,0
10,juanleolife,https://www.tiktok.com/@juanleolife/video/7311831488167824645,"#TravelTok Escape the city for the quiet seaside village of Pringle Bay. No thinking, no rush; just relaxation #PringleBay #HiddenGem  #SmallTownCharm #juanleolife #africarising #levelupafrica  #CapeTownAdventures #EscapeTheCity #DiscoverSouthAfrica #pringlebayvacation #westerncapetravel ",0,0,0,0
11,lifewithmpilo,https://www.tiktok.com/@lifewithmpilo/video/7308262915205876998,"Ho Chi Minh City was my first stop in Vietnam, i loved it ğŸ¥° #travelwithmpilo #traveltiktok #southafricatiktok #solotravel #tiktoksouthafrica ",0,0,0,0
12,siphokazimcaka,https://www.tiktok.com/@siphokazimcaka/video/7304563589346643205,"POV: Conquer the trail, test your limits, and never miss an opportunity to embrace natureâ€™s beauty! Lionâ€™s Head, Cape Town ğŸ“ #capetown #capetown #hikingsouthafrica #hikingadventures #lionshead #lionsheadhike #lionsheadmoutain #thisissouthafrica #hikinglove #hikinglovers #shein #hikingoutfit #outdoorliving #traveltok #sheinset #sheinsets #travelthrowback #travelthursday ",0,0,0,0
13,xisesana,https://www.tiktok.com/@xisesana/video/7306892791089581318,My dream is to travel the world one day ğŸ•¯ï¸. Heres some of the places ive been to this year. #SAMA28 #satiktokğŸ‡¿ğŸ‡¦ #fypã‚· #traveltiktok #fypã‚·ã‚šviral #trending #traveltok ,0,0,0,0
14,nsalemane,https://www.tiktok.com/@nsalemane/video/7307713210700844293,Follow me on a Cotton on trip to Mauritius ğŸ˜ #traveltok #mauritius #brandtrip #mzansitok #traveltiktok #fypsouthafrica #visitmauritius #mauritiusğŸ‡²ğŸ‡º @Le MÃ©ridien Hotels #island #cooljobs #marketinggirlies #travelvlog  Cotton on is taking me to mauritius ,0,0,0,0
15,nsalemane,https://www.tiktok.com/@nsalemane/video/7308064669598616837,DAY ONE of the cotton on trip to  Mauritius! I woke up feeling refreshed because the bed was teew  comfy ğŸ˜­ @Le MÃ©ridien Hotels knows how to cater to itâ€™s customers ğŸ˜ #traveltok #mauritius #brandtrip #mzansitok #fypsouthafrica #travelvlog #visitmauritius #girlsinmarketing #vlog #traveltiktok #islandgirl #mauritiusğŸ‡²ğŸ‡º #cooljobs #dailyvlog  Cotton on is taking me to mauritius,0,0,0,0
16,gopharitravels,https://www.tiktok.com/@gopharitravels/video/7305718929865952518,From my drafts #answer to @sr_motsamai a bit awkward at the end ğŸ™ˆğŸ˜‚ Why solo travel? This is how it started for me. Iâ€™m keen to hear why you solo travel or why you are interested in solo travel ğŸ«¶ğŸ¾ #solotravel #travel #traveltok #traveltiktok #solotraveller #blacktravel #melanintravel #femaletraveler #womansolotravel #expediapic #gophari #solotravelquestions ,0,0,0,0
17,lekkeslaap,https://www.tiktok.com/@lekkeslaap/video/7307565392732491014,"Daarâ€™s min dinge so lekke soos â€™n glanskampervaring in die natuur! Elkeen van diÃ© luukse tente gee jou die geleentheid om te kamp met al die gerieflikhede van die huis byderhand! --- There are few things as lovely as a glamping experience in nature! These luxury tents give you the opportunity to camp without having to leave all your creature comforts at home! Featured: - Simbavati River Lodge, Mpumalanga - Camp Oryx, Noordwes - Bundox Safari Lodge, Limpopo - West Coast Luxury Tents, Wes-Kaap - Muluwa Lodge, Mpumalanga - Zululand Lodge, KwaZulu-Natal - Idwala Le Ingwe Lodge, Gauteng - Zwartkloof Adventures Tented Camp, Limpopo #traveltiktok #lekkeslaap #traveltiktok #traveltok #tiktoksa #travelsouthafrica #lekketok #glamping #glampingsouthafrica",0,0,0,0
18,masaraditlatla,https://www.tiktok.com/@masaraditlatla/video/7307312338711940358,#ğŸ‡§ğŸ‡¼botswana #tiktoksouthafricağŸ‡¿ğŸ‡¦ #travelwithme #travelvlog #vlogger #contentcreator #SAMA28 #traveltok #travel #minivlog #makemefamous #fypã‚·ã‚šviral ,0,0,0,0
19,darrinandmbali,https://www.tiktok.com/@darrinandmbali/video/7301695971547696390,"Big Bay beach is in Bloubergstrand. Roughly 30km north of Cape Town city centre, Big Bay is one of two Bloubergstrand beaches (the other is called Little Bay or Small Bay). This entire beach area falls within a Marine Nature Reserve and is renowned for diving delicacies like Cape rock lobster. We had delicious pizzas at the popular Blue Peter sundowner spot. #sundownerspots #sundownerspotscapetown #bigbaycapetown #bigbaybeach #thefarmhousehotel #bigbaybeachclubblouberg #thebluepeter #bloubergstrand #bloubergstrandbeach #wheretostay #westerncapetravel #coupletravel #coupletravelvlog #coupletravelvloggers #traveltipscapetown #capetowntravel #westerncapetravel #westerncapehiddengems #hiddengemssouthafrica #hiddengemscapetown #hiddengemsincapetown #paternostertips #wheretostayinwesterncape #westerncapehotel #abalonehotelvillas #abalonehotel #paternosterhotel #westcoastsouthafrica #southafricatravel #shotleftmzansi #mzansitravel #coupletravel #couplevlog #traveltok #southafricancouples #hiddengemhotels #travelbucketlist #capetowntiktok #capetownsouthafrica #travelhacks #uniqueplacestostay #hiddengemsincapetown ",0,0,0,0
20,pulengmoloi,https://www.tiktok.com/@pulengmoloi/video/7301365787644808453,Beautiful Places to visit in Thailand #MayaBay #MayaBayBeach #PhiPhislands #blackgirltravel #traveltok #travelblog ,0,0,0,0
21,ilovenelz,https://www.tiktok.com/@ilovenelz/video/7306484354895727877,Simple and comfortable travel outfit #ilovenelz #travelfinds #traveltok #airportdiaries #aesthetic #cleantok #travel ,0,0,0,0
22,adeolaariyo,https://www.tiktok.com/@adeolaariyo/video/7308418046459137286,Take me back ğŸ˜ #alohaestates #mozambique #airbnb #blackgirlstravel #whitepearlresort #ocean  #traveltok #fyp ,0,0,0,0
23,nkhensirikhotso,https://www.tiktok.com/@nkhensirikhotso/video/7307856692316867846,Kenton-on-Seaâ€¦ When you find the most beautiful coastal towns in SA â˜€ï¸ğŸ–ï¸ğŸ’š Havent taken a roadtrip in a minute but the water was calling my name. What an incredible weekend #kentononsea #weekendgetaway #fyp #SAMA28 #travelsouthafrica #thingstodo #traveltok #coastalgetaway #beachgetaway #shotleftmzansi #easterncapegetaway #SAMA28 #earthyblackgirl #roadtripsouthafrica #tiktokmzansi #beachgetaway #solotravel #soloroadtrip ,0,0,0,0
24,colourfulsherri,https://www.tiktok.com/@colourfulsherri/video/7303572168477117701,"@ceresrailcompany has a steam train you can take from #CapeTown to #ElginRailwayMarket - there are several ticket types, but we paid R675p/p for the excursion. There are snacks and beverages available on the train ride. The Market has many food & craft goods vendors. Definitely makes for a fun day out with friends ğŸš‚ #colourfulcreature #traveltok #tiktoksouthafrica #CapCut ",0,0,0,0
25,raz_xo,https://www.tiktok.com/@raz_xo/video/7306855698208509190,Airport fit check âœˆï¸ #airport #travel2023 #traveltok #fitcheck #xoxogossipgirl #foryoupage ,0,0,0,0
26,monnag97,https://www.tiktok.com/@monnag97/video/7303582672863923462,Zanzibar ğŸï¸ğŸï¸ @Wynies  #travel #zanzibar #holiday #island #tiktok #tiktoksa #fyp #foryou #justmarried #loml #goodtimes #tropical #bestfriend #traveltiktok #traveltok #traveling #travelbucketlist #SAMA28 #habibi #zanzibartiktok #couple #couplegoals ,0,0,0,0
27,cabin_fever_cpt,https://www.tiktok.com/@cabin_fever_cpt/video/7304204552964689157,"Wanting to escape to the mountains? â›°ï¸Here are 5 of our top mountain staysğŸ‘‡ â›°ï¸Verloren Cabin, Breede Valley â›°ï¸Agama Cabin, Stellenbosch â›°ï¸Untether, Wellington  â›°ï¸Outpost Cabin, Tulbagh â›°ï¸Camp Canoe, Franschhoek #mountainviews #cabinfever #cabinlovers #capetownsouthafrica #traveltiktok #travelcouple #mountain #foryourpage #explorepage #traveltok #bucketlisttravel ",0,0,0,0
28,luthovuso,https://www.tiktok.com/@luthovuso/video/7303958129862102278,Experience a few highlights of my trip to the DRC ğŸ‡¨ğŸ‡© #drc #kinshasağŸ‡¨ğŸ‡© #lubambashi #democraticrepublicofcongo #travel #traveltiktoker #traveltok #sheexplores ,0,0,0,0
29,nabeelahbaba,https://www.tiktok.com/@nabeelahbaba/video/7303485402768346374,Come with me to Mozambique ğŸ‡²ğŸ‡¿ #Mozambique #africa #travel #sanmartinho #sanmartinhobeachclub #southafricatiktok #nathaellabat #fyp #viral #trending #CapCut #music #sunset #traveltok ,0,0,0,0
30,big6safaris,https://www.tiktok.com/@big6safaris/video/7301418196328877318,"Le Mirage is a luxury hotel serving up Game-of-Thrones-in-Namibia vibes. The outside is a fake castle and the inside is a fake Middle-Eastern-style courtyard oasis. I loved it because it was so random and weird, but our room was extremely hot and the internet was frustratingly terrible. (There were a few other minor annoyances, too.) I would recommend staying there, simply for the novelty of the place, but not during summer. #SAMA28 #namibia #namibiantiktokerğŸ‡³ğŸ‡¦â¤ï¸â¤ï¸â¤ï¸ #travel #toursix2 #traveling #traveler #fypã‚· #viral #viraltiktok #viralvideos #traveltips #fyl #travellife #bigsixtoursafaris #viralvideo #traveltok ",0,0,0,0
31,cookiegonzalez_,https://www.tiktok.com/@cookiegonzalez_/video/7289652956427865351,"Iâ€™ll be dragging my luggage to a cafe now, bye ğŸ¥² #traveltok ",0,0,0,0
32,saltyluxe_,https://www.tiktok.com/@saltyluxe_/video/7198615065686445313,"Dreaming big on these bucketlist destinations for 2023! âœ¨ My friends keep asking where they should go this year & this is where I keep telling them ğŸ‘‡ğŸ½ ğŸï¸ French Polynesia: swim with whales, some of the best diving in the world, pristine lagoons & waterfalls. Donâ€™t miss Moorea, Bora Bora & Rangiroa. ğŸª Oman: If you love Morocco you will LOVE Oman (plus you can skip all the tourist lines because Oman is still fairly untravelled). Omanâ€™s architecture is out of this world, itâ€™s so naturally beautiful I could cry(!!), the people are so welcoming & its easy (& safe) to do a road trip.  ğŸŒµ Mexico: Tacos, surfing, jungle vibes, happy humans, waterfalls, incredible food & pristine beaches. Although I love the East Coast (Tulum etc) I recommend trying to West Coast & including Todos Santos & Sayulita on your itinerary! ğŸ¢ Seychelles: Giant tortoises, crazy blue water, tiny islands to explore & a tropical vibe like no other! ğŸ¦˜Australia: Snorkel the Great Barrier Reef, eat the yummiest vegan food in Byron Bay, explore the Cape Le Grand National Park in Esperance, rent a boat & sail the Whitsundays & go island / waterfall hopping in Far North Queensland. One of the best countries in the entire world!! ğŸ  Maldives: A water wonderland & ultimate heaven on earth. Tiny islands, world class snorkelling / diving & luxury resorts to rival the best in the world! #bucketlistadventures #2023travel #2023goals #traveltheworld #bucketlisttravel #beautifuldestinations #bucketlisters #liveyourpassion #travelgoal #travelthroughtheworld #traveltok ",0,0,0,0
33,steveyalo,https://www.tiktok.com/@steveyalo/video/7411570842527649032,Pure genuine excitment ğŸ¤£  #hiking #birds #hikingadventures #traveltok #pnw #birdlovers #animalencounters #animalenthusiast #adventure ,0,0,0,0
34,victorias.way,https://www.tiktok.com/@victorias.way/video/7334472405605207342,Do these simple things when checking into a new hotel. You never know what might happenğŸ™ğŸ¼ #hoteltips #hoteltrick #hotel #safety #LifeHack #besafe #kidnappedinhotel #hotelsafetytips #hotelsafetyhacks #hotelsafe #hotelsafehack #viral #viralvideo #pageforyou #Unlock #Unlockdoors #fyp #foryou #xyzba #trending #trend #traveladvice #advice #traveltok #becareful #becarefull,0,0,0,0
35,janniklsr,https://www.tiktok.com/@janniklsr/video/7365196583484312865,ready for summer â›±ï¸ #fyp #traveltok #europetravel ,0,0,0,0
36,ddeirdreee,https://www.tiktok.com/@ddeirdreee/video/7353461699569044778,New fearğŸ”“ #fyp #foryou #fearofflying #doubledeckerplanes #emeritesairline #traveling #traveltok ,0,0,0,0
37,mtagbeauty,https://www.tiktok.com/@mtagbeauty/video/7385603542335229226,"Consider the inside of the flavor..Lemons are white inside, not bright yellow..same with pistachio. Bright colors are a sign of food additives rather than natural ingredients. #gelato #authentic #italia #italytravel #traveltok #foodinitaly #bestgelato #authenticitalianfood #italiandessert #travelfyp ",0,0,0,0
38,splishsplashsky,https://www.tiktok.com/@splishsplashsky/video/7314711925059816746,This is the best travel pillow EVER & I never go on a trip without it #trtl #trtltravel #traveltiktok #travel #sleeping #plane #airportlife #airport #airplane #traveltok #sleepingonplanes #sleep #lifehacks #travelhacks ,0,0,0,0
39,epic.stays,https://www.tiktok.com/@epic.stays/video/7192300595095620906,Behind the scenes of creating a flower bath for guests atğŸ“The Ipian Villa in #Bali ğŸ¥ @pramana_villas  #balitravel #balihotelguide #luxurystay #flowerbath #traveltok ,0,0,0,0
40,balancedbynarges,https://www.tiktok.com/@balancedbynarges/video/7342982468095528224,Go travellingâ€¦ you never know who you might âœ¨meetâœ¨ #amalficoast #amalfi #positano #denzelwashington #italy #summer #amalficoast #traveltok #cheaptravel #celebrity #denzel #equalizer ,0,0,0,0
41,bradenjstanley,https://www.tiktok.com/@bradenjstanley/video/7323267359165205765,"Welcome onboard @Norwegian Cruise Line Viva, one of the most incredible cruise ships in the world ğŸ›³ï¸ #cruiseship #traveltok #traveltiktok ",0,0,0,0
42,goturkiye,https://www.tiktok.com/@goturkiye/video/7330619963490831622,The only thing more legendary than Ä°stanbul's skyline is its vibe! ğŸ¤ğŸ¼ #GoTÃ¼rkiye #Ä°stanbul #Discover #TiktokTravel #Traveltok #Traveltiktok #TÃ¼rkiye #Travel #FYP #Discover #Explore ,0,0,0,0
43,crizephocbx,https://www.tiktok.com/@crizephocbx/video/7348008817759685893,Ganito magpacute freedivers ğŸ¤ª #blowthisup #traveltiktok #crizelğŸ¤¿ #fy #traveltok ,0,0,0,0
44,femme.catal,https://www.tiktok.com/@femme.catal/video/7240809508392406298,"First of all WHERE in Europe & second, come on bestie donâ€™t contribute to the landfill we all wear the clothes in our closet tf ğŸ˜„ #traveltok #paris #europe #traveltips #travel #europeansummer #summer #france #fashion #bombasticsideeye #vacation ",0,0,0,0
45,sarah_sulomar,https://www.tiktok.com/@sarah_sulomar/video/7379813276122762514,"PSA i didnt ignore the girls at the end, this video was a jokeğŸ˜­ğŸ˜­ #summercamp #summercampusa #summercampcounselor #summercampinamerica #summercamps #sleepawaycamp #sleepawaycampcheck #campcounselor #campcounselorlife #campcounselors #campcounsellor #campcounselorsoftiktok #campcounsellorlife #workingatsummercamps #workinginamerica #workinginusa #workingholiday #workingholidayvisa #gapyear #gapyeartravel #travel #traveltiktok #travellife #traveltok #traveling #travelling #solotraveler #america #american #usa #usa_tiktok #usağŸ‡ºğŸ‡¸ #campamerica #campleaders #ccusa #fyp #foryou #foryoupage ",0,0,0,0
46,linhforthehuynh,https://www.tiktok.com/@linhforthehuynh/video/7231347960473259310,"WALKABLE ROLLER COASTER IN SOUTH KOREA ğŸ‡°ğŸ‡· ğŸ“Hwanho Park Space Walk - Pohang, South Korea  #southkorea #pohang #spacewalk #hwanhopark #busan #sk #korea #asia #eastasia #travel #traveltiktok #tiktoktravel #traveltok #mustvisitplaces #rollercoaster #walkingrollercoaster #adventure #explorekorea #visit #visitkorea #solotravel #adventuretime #fyp ",0,0,0,0
47,luuxbagsofficial,https://www.tiktok.com/@luuxbagsofficial/video/7366118180537879839,Ill always find a way to overpack even with just one bag ğŸ¤­ #women #travelhack #traveltok #viral #girls #dufflebag ,0,0,0,0
48,vikihalmosii,https://www.tiktok.com/@vikihalmosii/video/7321766155662806304,"Petra, Jordan ğŸ‡¯ğŸ‡´ #petra #jordan #petrajordan #sevenwondersoftheworld #sevenwonders #travel #traveltiktok #travellife #traveling #traveltok #jordanpetra #destination #traveldestinations ",0,0,0,0
49,jess_spiteri,https://www.tiktok.com/@jess_spiteri/video/7244103653357931794,Standard Europe tiktok ğŸ˜ #europetiktok #travel #traveltok #cappadocia ,0,0,0,0
50,kendallrobin.sonn,https://www.tiktok.com/@kendallrobin.sonn/video/7311352258904476971,have you ever wondered what its really like to visit a world wonder? this was my 4th one out of 7 and it did not disappoint!! shoutout to my platform converse cosplaying as hiking boots ğŸ˜‚ #travel #traveltok #worldwonders #petra #traveltea #jordantravel #visitjordan #middleeasttravel #cometojordan  #blackgirltiktok #blackgirltravel #blacktravel #blackwomentravel #blacktravelfeed #petraworldwonder #culturalappreciationÂ #americanabroad #travelwrapped #takeahike ,0,0,0,0
51,infatuatedtravel,https://www.tiktok.com/@infatuatedtravel/video/7191555118205013290,100% an amazing choice #travel #traveltok  ,0,0,0,0
52,julieswonderland,https://www.tiktok.com/@julieswonderland/video/7208218363565329706,â€œI had a dreamâ€¦once.â€ #pov_journeyswithjulie #tangled #rapunzel #disneycruiseline #disneywish #disneyfyp #cruisefyp #igotadream #disneycruise #disneywishcruise #art #disneyart #cruiseshipdecor #disneydecor #colorful #disneyship #traveltok #disneytravel #disneyparks #disneycreators #pascal #disneyprincess #disneydetails #fyp #disneytok #disneytiktok #kingdomdance ,0,0,0,0
53,joannelespins,https://www.tiktok.com/@joannelespins/video/7372918680742628640,south of france summer 1000/10 #southoffrance #frenchriviera #eurosummer #traveltok #fyp (inspired by @karfakhs),0,0,0,0
54,thomas_hunt_,https://www.tiktok.com/@thomas_hunt_/video/7332588201518877984,Dad lores off the charts #travel #traveltok #hostellife #hostels #solotravel #solobackpacking #backpacking #seasia #southeastasia #philippines #philippinestiktok ,0,0,0,0
55,francesco_treu,https://www.tiktok.com/@francesco_treu/video/7265657472298323233,Iâ€˜m ready â„ï¸ #wien #wiener #wienliebe #vienna #viennanow #Ã¶sterreich #austria #traveltiktok #traveltok ,0,0,0,0
56,jadesimkins,https://www.tiktok.com/@jadesimkins/video/7276202408840023304,Iâ€™ll never get tired of life under water ğŸª¸ #greatbarrierreef #coralreef #marinelife #cairnsaustralia #tropicalnorthqueensland #queensland #underwater #ocean #marinebiology #scuba #snorkel #traveltok #tropicalparadise #seeaustralia #seaturtle #travelaustralia ,0,0,0,0
57,kiera.hbn,https://www.tiktok.com/@kiera.hbn/video/7354995082208087328,not a chance at taking a nice video #barcelona #sagridafamilia #trend #travel #traveltok #barcelonatiktok #humor #fyp #travelfyp ,0,0,0,0
58,victorias.way,https://www.tiktok.com/@victorias.way/video/7339981378446052650,Be cautious when checking into a hotel and follow safety measures even in seemingly safe placesğŸ”— #womenssafety #womansafety #hoteltips #hoteltrick #hotel #safety #LifeHack #besafe #kidnappedinhotel #hotelsafetytips #hotelsafetyhacks #hotelsafe #hotelsafehack #viral #viralvideo #pageforyou #Unlock #Unlockdoors #fyp #foryou #xyzba #trending #trend #traveladvice #advice #traveltok #becareful ,0,0,0,0
59,lifeonfilm.27,https://www.tiktok.com/@lifeonfilm.27/video/7332933940153519402,life on film #lifeonfilmÂ #disposablecameraÂ #onthestreetÂ #travel #traveltok #buenosaires #argentina #travelphotographyÂ #pinterestaestheticÂ #adventure #givingdisposablecamerastostrangers ,0,0,0,0
60,jordanartman,https://www.tiktok.com/@jordanartman/video/7200532036573039915,one of our favorite all inclusive resortsâ›±ğŸ¦€ğŸ‘’ #mexico #traveltok #traveltiktok #resortreview #traveltips #cancun #allinclusive ,0,0,0,0
61,iisabelleeyy,https://www.tiktok.com/@iisabelleeyy/video/7385402599450692895,I swear ily girl im just american ğŸ˜”ğŸ’” @elliemaegrady #travel #traveling #american #usa #traveltok #vacation #italy #europe #eurosummer ,0,0,0,0
62,travelwithchris,https://www.tiktok.com/@travelwithchris/video/7321719349578960170,$0.20 Sweet Potato in Egypt ğŸ‡ªğŸ‡¬ #egyptian #egypt #egyptian_tik_tok #egyptiantiktok #egyptianarabic #egyptğŸ‡ªğŸ‡¬ #africa #egyptianfood #streetfood #cairostreetfood #cairofoodie #traveltiktok #travellife #traveltok ,0,0,0,0
63,jackson.meyer,https://www.tiktok.com/@jackson.meyer/video/7208257616357641518,ğŸ‡®ğŸ‡¹ The Leaning Tower of Pisa - Tourist Mimes! ğŸ˜‚ğŸ˜‚ğŸ˜‚ #italy #travel  #traveltok #pisa #leaningtowerofpisa ,0,0,0,0
64,yasminastravels,https://www.tiktok.com/@yasminastravels/video/7318523334403149062,biggest culture shock was that nobody even shows up to the club before 2am. absolute madness. #travel #traveltiktok #traveltok #solotravel #clubsineurope #barcelonaclubbing #spainclubbing #european #club #barcelona #nightlifebarcelona ,0,0,0,0
65,viloub,https://www.tiktok.com/@viloub/video/7348205368381590817,"you + me, mallorca?ğŸŒº creds: @joanne | south of france #summer2024 #summer24 #traveltok #beachday #uvindex #mallorca #spain",0,0,0,0
66,spreadthedisneymagic,https://www.tiktok.com/@spreadthedisneymagic/video/7349571362333248814,Come with me â˜ºï¸âœ¨#disney #disneyparks #disneyresort #orlando #traveltok ,0,0,0,0
67,visit_singapore,https://www.tiktok.com/@visit_singapore/video/7320541364976880903,"At night, the city takes on a different vibe ğŸª©  Save these spots for the best night views in Singapore:  ğŸ“Marina Bay Sands  ğŸ“Singapore Flyer  ğŸ“Gardens by the Bay  ğŸ“Downtown Core  ğŸ“Boat Quay ğŸ“Esplanade  ğŸ“Merlion Park  #VisitSingapore #Singapore #TravelTok #NightTok ",0,0,0,0
68,yourfavoriteelbow97,https://www.tiktok.com/@yourfavoriteelbow97/video/7414880505583144225,Iâ€™ll go by myself  #fyp#fypã‚·ã‚š#foryou#foryourpage#relatable#nyc#newyorkcity#newyork#traveltiktok#traveltok#solotravel#travelbucketlist#usa#america#travellife#sololeveling  ,0,0,0,0
69,bellacomellini,https://www.tiktok.com/@bellacomellini/video/7186090012734180651,"brazilians just do it betterğŸ˜ if u come make sure to wear white, and the color of your und3rwe4r defines your year (brazil said it not me) #traveltok #braziltravel #braziltok #newyears2023 #newyearseve2023 #newyearseve #brazilğŸ‡§ğŸ‡· #travellife #travelbucketlist #traveltips #travelmemories #traveldiaries ",0,0,0,0
70,mahasgarage,https://www.tiktok.com/@mahasgarage/video/7190563282623696170,MY FAVE BEREAL EVER #antarctica #bereal #penguins #travel #traveltok #fyp #foryou #mahastravels #antarcticaunlocked #antarctic #antarcticexpedition  #penguin #screammovie ,0,0,0,0
71,snazir5,https://www.tiktok.com/@snazir5/video/7205764386668006699,âœˆï¸ guess where?? #traveltok #minivlog #travellife #trip #airportaesthetic #fyp #solotravel ,0,0,0,0
72,imarcbast,https://www.tiktok.com/@imarcbast/video/7383786954661334304,Thank god we have our camera rolls to travel back in time #fyp #traveltok ,0,0,0,0
73,sowonthego,https://www.tiktok.com/@sowonthego/video/7204839361131629867,Like can we pls treat people in other countries as humans and not vacation props #travel #traveltok #bipoctravel #blacksolotravel #solotravel  #solofemaletraveler #blacktravel #blackwomentravel #blacktravelfeed #voluntourism #africatravel #whitesaviorcomplex ,0,0,0,0
74,intericoart,https://www.tiktok.com/@intericoart/video/7334436694369783073,Summer in Greece ğŸ’™ğŸ˜© #tiktoktravel #traveltok #summer #dreamvacation #oceanview #mediterranean #luxurytravel #travel #traveltoktok #viral #summervibes #summertime #summertrip #greece #greektiktok #greecetiktok #greecetravel #fy #foryoupage #viral #travellife #sunset #CapCut ,0,0,0,0
75,trippiehippieally,https://www.tiktok.com/@trippiehippieally/video/7221241204552256810,pure emotions #ocean #firsttimeatthebeach #emotional #beachtiktok #oceantiktok #traveltok #gilitrawangan ,0,0,0,0
76,warmonthesoul,https://www.tiktok.com/@warmonthesoul/video/7258361810334633221,#CapCut #airportfeeling #airportlife #traveltok #travel ,0,0,0,0
77,luna.hosri,https://www.tiktok.com/@luna.hosri/video/7362855423608737056,Totally worth it ğŸ¤©  #lakecomo #trip #varenna #traveltok #lakecomoitaly #fyp #travel #train #crowd ,0,0,0,0
78,kylegordonisgreat,https://www.tiktok.com/@kylegordonisgreat/video/7384882851830943019,Whereâ€™d he go? #vacation #vacationmode #travel #traveltiktok #traveltok #cringe #americans #funny #funnyvideos ,0,0,0,0
79,laura_tol,https://www.tiktok.com/@laura_tol/video/7367817530989202693,athens #athens #greece #eurosummer #europe #gradtrip #travel #traveltiktok #travellife #traveling #traveltok #acropolis #girls #university #fyp #foryou #foryoupage #fy #fypã‚·ã‚šviral #viral #viralvideo #fypage #fyppppppppppppppppppppppp #fypp ,0,0,0,0
80,mariekoldal,https://www.tiktok.com/@mariekoldal/video/7315717166286834977,"Do it, itâ€™s the best thing I ever didğŸ’™ take this as your sign! Inspo: @Victoria Whitehouse ğŸ’› #traveltheworld #bucketlisttravel #travelyoung #traveltiktok #travelinyourtwenties #traveltok #explore ",0,0,0,0
81,joey.foo,https://www.tiktok.com/@joey.foo/video/7398752818892524831,I got on a plane to surprise one of my followers #travel#traveltok#traveling @busymomof3 ,0,0,0,0
82,julianlndnrun,https://www.tiktok.com/@julianlndnrun/video/7319124071080316165,AsÃ­ recibimos el 2024 de camino a ğŸ‡¨ğŸ‡± con @LATAM Airlines ğŸ” ğŸ‰  #happynewyear #2024 #travel #traveltiktok #fypã‚· #parati #felizaÃ±onuevo #viral #travelvlog #colombia #chile #happy2024 #feliz2024 #traveltok ,0,0,0,0
83,vlcreatives,https://www.tiktok.com/@vlcreatives/video/7298441435924270369,Spotted in Bologna: Italian fashonistaâ€™s ğŸ‘µğŸ¼ğŸ‚ğŸ‡®ğŸ‡¹âœ¨ #fallinitaly #fy #fyp #besties #meandmybestiebelike #fashion #traveltok #italie #perte #parati #bologna ,0,0,0,0
84,visit,https://www.tiktok.com/@visit/video/7265403731661819169,If youâ€™ve ever wanted to do a basket boat ride in ğŸ“#Vietnam hereâ€™s what may happenğŸ˜‚  ğŸ¥ IG: @vietnam_travel_media  #visitvietnam #vietnamtravel #boatride #traveltiktok #traveltok ,0,0,0,0
85,srqthingstodo,https://www.tiktok.com/@srqthingstodo/video/7350340029853601067,How big is the Icon of the Seas compared to other cruise ships? #iconoftheseas #iconoftheseas2024 #cruiseship #cruisetok #cruiselife #travel #traveltok #travel #cruise #worldslargestcruiseship #royalcaribbean ,0,0,0,0
86,zndoyle,https://www.tiktok.com/@zndoyle/video/7213045214070574378,your sign to move to south africa #fypã‚· #traveltok #southafrica ,0,0,0,0
87,parislike.france,https://www.tiktok.com/@parislike.france/video/7188541853975825669,Falling off this cliff might hurt #travel #travelgirls #girlswhotravel #backpacking #backpackinggirls #traveltiktok#traveltok #relatable #traveldanger,0,0,0,0
88,vivianyunn,https://www.tiktok.com/@vivianyunn/video/7285757676519214379,my mouth watered making this video #hawaii #oahu #traveltok #travel #leonardsbakery #matsumotoshaveice #malasadas #hawaiianfood #foodland #poke ,0,0,0,0
89,oceanesouvenirs,https://www.tiktok.com/@oceanesouvenirs/video/7217800397669321990,"3 destinations, 1 surcotÃ©e, 2 sous-cotÃ©es #voyage #travel #bonplanvoyage #voyagerpascher #voyageur #traveltok #astucesvoyage #vacances #albanie #athenes #vienne #voyager ",0,0,0,0
90,maki.dm,https://www.tiktok.com/@maki.dm/video/7343551684796222726,"dining with these furbabies ğŸ¥° ğŸ“Camp Barbeque, Makati #fyp #catsoftiktok #foodtok #foodieph #traveltok ",0,0,0,0
91,hilameir,https://www.tiktok.com/@hilameir/video/7385871119145880848,Nothing. #solo #solotravel #solotraveler #solofemaletraveler #solotrip #trip #flywithme #traveltiktok #travelvlog #travel #travellife #traveltok #strongwomen #traveling ,0,0,0,0
92,damnniyahh,https://www.tiktok.com/@damnniyahh/video/7233593968569716011,i love the rushğŸ¤­ğŸ¤­. #traveltok #packing #cruisetok ,0,0,0,0
93,tramnble,https://www.tiktok.com/@tramnble/video/7307122250296134954,I didn't expect to see this at all ğŸ˜± #fyp #instagramvsreality #instavsreality #rome #italy #europe #travel #traveltok #traveling #trevifountain #behindthescenes #expectationvreality ,0,0,0,0
94,bbuchler,https://www.tiktok.com/@bbuchler/video/7204119649326386478,Day 6 of things Airbnb guests have left behind. #airbnb #airbnbhost #airbnbtips #superhost #shorttermrentals #vrbo #business #passiveincome #vrbohost #ohio #investing #airbnbcheck #shorttermrental #travel #traveltok ,0,0,0,0
95,kelvinblac,https://www.tiktok.com/@kelvinblac/video/7359184338140925189,Tem gente que tem toda a sorte do mundo e nÃ£o sabe  #traveltok #perrenguechique ,0,0,0,0
96,minipapix,https://www.tiktok.com/@minipapix/video/7314065091895315754,"Relax, youâ€™re not that important. Youâ€™ll be fine. #mexico #mexicoğŸ‡²ğŸ‡½ #mexicantiktok #travel #traveltok #cdmx ",0,0,0,0
97,samuel_lift,https://www.tiktok.com/@samuel_lift/video/7381538891322363179,Day 1 experience in America ğŸ«  #traveltiktok #usa_tiktok #gunviolece #traveltok #european ,0,0,0,0
98,isabellamjohn,https://www.tiktok.com/@isabellamjohn/video/7188288272702065966,How I packed for living out of my backpack for 6 months!! clearly need more color in my wardrobe #backpacking #traveldiaries #digitalnomad #worktravel #remotework #travel #traveltok #travelbucketlist #digitaljobs #wfh #workfromanywhere #packing #organization ,0,0,0,0
99,radstravels,https://www.tiktok.com/@radstravels/video/7357304743871384864,thatâ€™s the life thatâ€™s meant for me #travel #traveltiktok #traveltok #ocean #travellife #summer ,0,0,0,0
100,keekstravels,https://www.tiktok.com/@keekstravels/video/7403453571166997791,"I am feeling messy today, might archive... #traveltiktok #traveltok #homelessthailand #messytok ",0,0,0,0
101,werdtravels,https://www.tiktok.com/@werdtravels/video/7220086877574024491,im SHOOK at the deal we got #royalcaribbean #cruise #traveltok#greenscreen @royalcaribbean ,0,0,0,0
102,simonavaar,https://www.tiktok.com/@simonavaar/video/7259741250490813723,5 days in parisğŸ’Œ #paris #fyp #paristiktok #travel #eurosummer #traveltok #parisaesthetic #parisvibe #parislife #eiffeltower #parisianstyle ,0,0,0,0
103,wowzpow,https://www.tiktok.com/@wowzpow/video/7412961055682465056,Planet Earth ğŸŒ                                              #switzerland #blausee #natureaesthetic #nature #traveltok #fairypond #magicalplace #fairytaleaesthetic #aesthetic #travel #travelswitzerland #switzerlandnature #placestovisit #viral #foryou #europe #summer ,0,0,0,0
104,anjingday,https://www.tiktok.com/@anjingday/video/7355083787132308768,Ma perchÃ© in Cina stanno tutti seduti cosÃ¬? Ecco la risposta #asiansquat #china #asia #korea #curiosityfacts #shockculturali #relatable #cultureshock #travel #tiktoktravel #traveltok #curiosity #funfact #squat #asiansquatchallenge #erasmusincina #viaggioincina #studiareallestero #traveltochina #ä¸­å›½ #å¤–å›½äºº #è¹² #fyp #perte #neiperte #cinese #chinesesquat #chinese #viaggio ,0,0,0,0
105,bryn.elise,https://www.tiktok.com/@bryn.elise/video/7191287521765018922,Serving fries ğŸ¤ serving looks #thailand #travellife #mcdonalds #traveltok ,0,0,0,0
106,_reminiscewithme,https://www.tiktok.com/@_reminiscewithme/video/7384134427519012128,The dreamğŸ¤²ğŸ¼#fyp #foryou #traveltok #foryoupage #travellife #qatar #love #doha #placestovisit #muslimtiktok #lifestyle #peaceful #safety #islam #uae #dubai #movingabroad #dream ,0,0,0,0
107,sarahjkolb,https://www.tiktok.com/@sarahjkolb/video/7378992437399751967,really needed this ğŸ–¤âœ¨ #inspiration #inspirational #life #livelife #travel #vacation #trips #trip #traveltiktok #travellife #traveltok ,0,0,0,0
108,hannahsfreesoul,https://www.tiktok.com/@hannahsfreesoul/video/7300272868607134981,NO ESTA BIEN!! Por favor cuidense muchoğŸ¤ #florenciaguillot #podcast #grooming #voiceeffects #sing #singing #cantar #cantante #adele #anotherlove #singersoftiktok #singer #dark #emo #fyp #mx #Viral #CapCut #gettoknowme  #saludmentalyemocional #experimentosocial #ansiedadgeneralizada #saludmental #saludmentaltiktok #feliz #depresion #ansiedad #voiceeffects #foryou #fyp #parati #travel #traveltiktok #travellife #traveling #traveltips #traveltok #travelwithme #foryoupage #contenido #Viral #tokiohotel #tokiohotelfan #billkaulitz #kaulitztwins #2000s #billkaulitzedit #tomkaulitz #tokiohoteltv #tokitas #aliens #whatislove #tokiohotelespaÃ±ol #boyfriend #boyfriendcheck #couple #pareja #novios #avrillavigne #avrillavigneedit #avrillavignefan #concurso #blackpink #bornpink #blanckpink #MiYoReal #bmth #bringmethehorizon #chicas ,0,0,0,0
109,keekstravels,https://www.tiktok.com/@keekstravels/video/7404562122098707742,#traveltiktok #traveltok #homelessthailand #messytok ,0,0,0,0
110,a.r.m.yradio,https://www.tiktok.com/@a.r.m.yradio/video/7196779591753534763,Acuetate - ft. Tivi Gunz #spanish #spanishmusic #latin #fyp #trending #viral #musica #music #winter #winterweather #wintermusic #driving #travel #traveltiktok #traveltok ,0,0,0,0
111,pepperioni.explores,https://www.tiktok.com/@pepperioni.explores/video/7294256619976789266,traveling is the best thing you could do #travel #traveling #europetok #traveltok ,0,0,0,0
112,sydneyblandford,https://www.tiktok.com/@sydneyblandford/video/7189048164685679918,on to our next adventure!! off we go on our month backpacking trip âœˆï¸ğŸ«¶ğŸ» #backpacking #caribbean #curacao #packing #backpackingtrips #adventure #southamerica #traveltok #traveldiaries #digitalnomad #workingremotely #traveltheworld #workandtravel #remotework #9to5life #workfromeverywhere #travel ,0,0,0,0
113,carissamonyce,https://www.tiktok.com/@carissamonyce/video/7278359992103619883,Because the Gworls were not lying!!! Have you cruised virgin before??? #Virginvoyages #blackgirls #travel #blackgirlmajic #traveltok #cruisetok ,0,0,0,0
114,1989vinyl,https://www.tiktok.com/@1989vinyl/video/7421670123351772462,"Our silky little potato, the moist queen, we love when Moo Deng is filled with rage. She is the moment, she is an icon!!! #moodeng #traveltok #traveltiktok #bangkokthailand #khaokheowopenzoo #moodenghippo ",0,0,0,0
115,lilmizzright,https://www.tiktok.com/@lilmizzright/video/7356655375568964907,ğŸ‡¸ğŸ‡³ğŸ“ #africantiktok #africa #african #foryoupage #westafrica #senegal #senegalaise_tik_tok #travellife #traveltok #travelbucketlist #fy #culture #culturetiktok ,0,0,0,0
116,manuchiconini,https://www.tiktok.com/@manuchiconini/video/7406650485706444064,Sicilia entregando TUDOOO ğŸ˜‚ğŸ˜‚ #sicilyitaly #sicilia #sicily #traveltok ,0,0,0,0
117,tasmindhaliwal,https://www.tiktok.com/@tasmindhaliwal/video/7355217278348152070,EVEN THE FLIGHT ATTENDANT WANTED SOME ğŸ˜âœˆï¸ #lifehacks #snacks #snackbox #sourcandy #sweets #candyrestock #candy #restocking #asmr #restock #organized #travelhacks #satisfying #traveltiktok #traveltok  #traveltips #candybox #fyp #fypviralã‚· ,0,0,0,0
118,ixlaria0,https://www.tiktok.com/@ixlaria0/video/7322758012211334433,Wo fliegt ihr dieses Jahr hin ? #travel #traveltok #sunset #foryoupage #viral #flying ,0,0,0,0
119,official.jenrubie,https://www.tiktok.com/@official.jenrubie/video/7238777136973237505,This is your sign #travelinfluencing #travelbucketlist #contentcreator #traveltok #travelvlog #brandinfluencer ,0,0,0,0
120,ir_zu,https://www.tiktok.com/@ir_zu/video/7389330656611896608,Tour por nuestro apartamento por unos dÃ­as en AmsterdamğŸŒ·ğŸ¤ tenÃ©is un 15% de dto con mi cÃ³digo: IRYNANUMA15 @Numa | rooms & apartments  #travel #traveltok #viaja #viajes #amsterdam #amsterdamguide #viajestiktok ,0,0,0,0
121,wannarie_,https://www.tiktok.com/@wannarie_/video/7270389806734019845,HAHAHAHAHA i forgot this video exist ğŸ˜­ @D â™¡  -audio not ours  #hongkong #traveltok #fypã‚· ,0,0,0,0
122,thebonvillas,https://www.tiktok.com/@thebonvillas/video/7352144575294639392,"Replying to @MichaelaKarafili This is Green Coast Resort. Located in PalasÃ«, Albania ğŸ‡¦ğŸ‡±â™¥ï¸ Will you come in summer 2024? ğŸŒ´ #albaniağŸ‡¦ğŸ‡± #resort #albaniantiktok #fyp #vacation #traveltok #summer2024 #viral #beach #albania ",0,0,0,0
123,carl.0130,https://www.tiktok.com/@carl.0130/video/7362742406980095238,O kay ganda mo #Mayon !  #fyp #fy #MayonVolcano #Philippines #Bicol #Albay #Travel #TravelTok #Summer #Toyota #VIOS #Roadtrip  #BINI #WagMunaTayoUmuwi ,0,0,0,0
124,matadornetwork,https://www.tiktok.com/@matadornetwork/video/7209021352894926122,"#Dalgona is more than just a delicious street food snack in #Korea - its history goes back centuries! This treats deeply rooted tradition comes alive through its unique preparation process. Sugar, oil and baking soda are mixed together before being pressed onto a flat surface and then decorated with fun stencils ğŸ‡°ğŸ‡·ğŸ˜‹ ğŸ¥ @mjtwins2  #snacks #koreansnacks #visitkorea #traveltok ",0,0,0,0
125,mavonthemovetravel,https://www.tiktok.com/@mavonthemovetravel/video/7365518365709864198,once the plane lands pure vibes  #travelbucketlist #traveltok #newlocation #newcountry #fypã‚·ã‚šviral #trip ,0,0,0,0
126,joellestraveltips,https://www.tiktok.com/@joellestraveltips/video/7403441953028853025,ğŸ“Dortmund - Hammer ğŸ¤©ğŸŒŠğŸ  #phÃ¶nixsee #dortmund #featureme #traveltiktok #traveltok #ironie #vacation #reisen #spanien #mallorca #calaratjada #ğŸ‡ªğŸ‡¸ #travel #sea #meer #foryou #fÃ¼rdich ,0,0,0,0
127,tiktoire,https://www.tiktok.com/@tiktoire/video/7361476643560394016,Quelquâ€™un sait parler lâ€™indonÃ©sien et sait pourquoi il y a un couvre feu en mode grosse purge Ã  21h ? ğŸ˜­  #indonesia #jakarta #purge #traveltok #bali #backpack @Vincent Lallemand ,0,0,0,0
128,invader.zema,https://www.tiktok.com/@invader.zema/video/7351156578252377387,WAY TO HELP A FAMILY IN ğŸ‰ğŸ‰ğŸ‰@MoğŸ‰  #arabtok #traveltok #filters #blacktok #newfiltereffect #travelhack #summertime #summerttravel #operationolivebranch ,0,0,0,0
129,outsideboxx,https://www.tiktok.com/@outsideboxx/video/7342585101030526241,Where are my night owls #tropical #summer #summer2024 #vacations #travel #traveltok #caribbean #caribbeanislands #summerholidays #summerplans ,0,0,0,0
130,saltyluxe_,https://www.tiktok.com/@saltyluxe_/video/7322914359166946562,"TOP travel destinations for 2024 ğŸ†âœ¨ #3 of 5 - South Africa Safari ğŸ‡¿ğŸ‡¦ Save this post for later. Best time to visit: May - November Bucketlist experiences: ğŸŒ Witness the magic of Kruger National Park  ğŸ›» Go on a safari with @Luxury Escapes  (I recommend at least 3-4 days)  ğŸ† Spot the big 5 - lion, elephant, rhino, buffalo, leopard  ğŸ¨ Stay at a luxury safari hotel ğŸ·Enjoy sundowners from the back of a safari vehicle âœ¨ Watch the most incredible sunset of your life! ğŸ§ Stopover in Cape Town (my fav city in the world) for incredible beaches, wine tasting & penguins! #2024travel #traveltok #safaritiktok #safari #southafrica ",0,0,0,0
131,regatobe,https://www.tiktok.com/@regatobe/video/7300203843931917574,Siapa aja nih yang pernah kesini ? Di #MadeinSingapore dari @Visit Singapore aku bakal ngajak kamu dan kenalin beberapa destinasi wisata seru yang ada di negara singapore ini. #VisitSingapore #TravelTok #SingapoRewards ,0,0,0,0
132,goturkiye,https://www.tiktok.com/@goturkiye/video/7276081548146019589,"With the warmest sunset, the doors of fairy-tale Cappadocia are waiting for you to explore. ğŸŒ… #GoTÃ¼rkiye #Cappadocia #HotAirBalloon #Fairytale #Sunset #TiktokTravel #Traveltok #Traveltiktok #TÃ¼rkiye #Travel #FYP #Discover #Explore  ",0,0,0,0
133,joshadrift,https://www.tiktok.com/@joshadrift/video/7356410341804248326,"Forget it, do you âœŒğŸ½ğŸ’­ #traveltok  #travelfilmmaker  #motivationalquotes #traveladvice #lifeadvice ",0,0,0,0
134,mindblowingreels,https://www.tiktok.com/@mindblowingreels/video/7366358246212242734,The teachers need to be fired. People need to know this stuff ğŸ˜¬ #traveltips #traveltok #hotel #traveltiktok #travel ,0,0,0,0
135,deedeeragan,https://www.tiktok.com/@deedeeragan/video/7309496341799931182,"One of the best experience i had in  Destin, FL ğŸ¥¹ğŸ¬ #dolphins #destinfl #traveltiktok #traveltok #jetskisoftiktok #floridatok #traveltok #dolphinexperience #floridathingstodo #fyp ",0,0,0,0
136,nextstopsuccess,https://www.tiktok.com/@nextstopsuccess/video/7194908352760106282,"â€œSorry I canâ€™t make it today ğŸ«£.â€ This is how I engage in self-care as a Ph.D. student. Also, let it be known this slide is fast af. I thought it would be a walk in the park and got humbled. #Travel #traveltiktok  #traveltok #elsalvador ",0,0,0,0
137,sophia.madalena,https://www.tiktok.com/@sophia.madalena/video/7374873540442524933,This is literally all we got ğŸ˜…ğŸ¤·ğŸ»â€â™€ï¸  #girlstrip #traveltok #burninglove,0,0,0,0
138,keekstravels,https://www.tiktok.com/@keekstravels/video/7392285223280446750,It's never a good idea to tarnish the one passport that you have while traveling. #passport #passportstamps #customs #traveltiktok #traveltok ,0,0,0,0
139,dsydkkk,https://www.tiktok.com/@dsydkkk/video/7251468724979371270,hidup keras soalnya tiket pesawat mahal #traveltiktok #travellife #traveltok #traveling #healin #traveltiktok #traveltiktokvideos ,0,0,0,0
140,ktfranklin,https://www.tiktok.com/@ktfranklin/video/7221981841325165829,I cannot say no hahaha #traveltok #thailand ,0,0,0,0
141,tefia5s,https://www.tiktok.com/@tefia5s/video/7319471419102956832,pack with me for holidağŸ§³âœ¨ #packwithme #traveltok #travlebag #travellife #travleing #arsthetic #lifestyle #travleing #lifestyle #travelhacks #holidayvibes #outfitideas #traveltips ,0,0,0,0
142,alyssanicolestein,https://www.tiktok.com/@alyssanicolestein/video/7205359447374417194,Thinking of dry deserts ğŸŒµğŸœï¸ #comedy #travel #traveltiktok #traveltok #plane #flying #flight ,0,0,0,0
143,signeaagaardboysen,https://www.tiktok.com/@signeaagaardboysen/video/7371807870876224800,Popular places in Rome under construction ğŸ‡®ğŸ‡¹ğŸ›ï¸ğŸ—ï¸ğŸ”§ #rome #roma #italy #italia #travelitaly #colosseum #traveltok #citytrip #italytiktok #rometravel #romeitaly #funnytiktok #fyp ,0,0,0,0
144,amber.maarie,https://www.tiktok.com/@amber.maarie/video/7397818180523019550,Who needs to breathe ğŸ˜… #princesspolly #corsettop #traveltok #ootd #outfitcheck #abercrombie ,0,0,0,0
145,passportanddreams,https://www.tiktok.com/@passportanddreams/video/7324314182059412769,No better feeling âœˆï¸ #travel #traveltok #travellife #travelvibes #explore #experience #adventure #airport #Meme #MemeCut ,0,0,0,0
146,vaninagood,https://www.tiktok.com/@vaninagood/video/7270477290155330848,RÃ©ponse Ã  @lucas.mhtz Mais jâ€™aime trop la France pour partir ğŸ¥² #norvege #norway #traveltok ,0,0,0,0
147,keekstravels,https://www.tiktok.com/@keekstravels/video/7353342519448505643,I HAVE NEVER BEEN MORE EMBARRASSED ğŸ˜­ğŸ˜­ GUINEA WILL HUMBLE YOU. #guinea #guineenne224ğŸ‡¬ğŸ‡³ #guineeconakry #conakryguineağŸ‡¬ğŸ‡³ğŸ‡¬ğŸ‡³ğŸ‡¬ğŸ‡³ #traveltiktok #traveltok #africa #africantiktok #embarassing #humbled #travelstory #storytime ,0,0,0,0
148,aroundtheworld.withanna,https://www.tiktok.com/@aroundtheworld.withanna/video/7289148847677295904,My view the most of the time during hiking ğŸ˜… #travel #tarveling #traveltiktok #traveltok #hike #hiketok #hiking #austria #tyrol #blauelacke #Ã¶sterreichğŸ‡¦ğŸ‡¹ #ausriağŸ‡¦ğŸ‡¹ ,0,0,0,0
149,backvac,https://www.tiktok.com/@backvac/video/7379615359038442794,The travel bag airlines want to keep hidden ğŸ˜³ #travel #bag #traveltok ,0,0,0,0
150,1989vinyl,https://www.tiktok.com/@1989vinyl/video/7420981980088519978,"Part 1: Iâ€™ve made it to Thailand! Today is the day I see moo deng! I am so freaking excited, the zoo just confirmed you can see her everyday! I am on cloud nine!!! Wearing a taylor shirt so she knows she exists! #moodeng #traveltok #traveltiktok #bangkokthailand #khaokheowopenzoo #moodenghippo ",0,0,0,0
151,goturkiye,https://www.tiktok.com/@goturkiye/video/7387024496835710213,Make sure to enjoy an exciting week ahead! Come and enjoy the vibrant spirit of Ä°stanbul! ğŸ˜ #GoTÃ¼rkiye #TÃ¼rkiye #Ä°stanbul #Ä°stanbulisthenewcool  #Feel  #TiktokTravel #Traveltok #Traveltiktok #TÃ¼rkiye #Travel #FYP #Discover #Explore ,0,0,0,0
152,1ntrstlife,https://www.tiktok.com/@1ntrstlife/video/7367422598910643489,#sunset #goldenhour #thailand #thailandsunset #lifeisgood #lifeisgoodthough #traveltok #travel #traveltiktok #traveling #travelbucketlist #bucketlist #summer #summervibes #holiday #view #life #Lifestyle #lifelately #dump #photodump  #londonlifestyle #uni #unilife #unilifestyle #photodumps #monthdump #aesthetic #pinterest #pinterestaesthetic #phuket #phuketthailand ,0,0,0,0
153,thatanxioustraveler,https://www.tiktok.com/@thatanxioustraveler/video/7365623942989597995,Not only is it annoying to have mostly men following/interacting its not helpful bc my trips are women only anyway ğŸ˜­ğŸ˜­ğŸ˜­ #womenpower #womenonly #womanownedbusiness #traveldiary #travelwithme #travelagent #traveltok ,0,0,0,0
154,getlostwebsite,https://www.tiktok.com/@getlostwebsite/video/7240418276478618906,Please be careful!! #reality #storytime #traveltok #milan ,0,0,0,0
155,tinkerbelltravel,https://www.tiktok.com/@tinkerbelltravel/video/7351821689270865184,Flamingo paradise ğŸ˜ğŸ¦©ğŸï¸ğŸ’•ğŸŒˆ #aruba #arubaonehappyisland #flamingo #flamingobeach #voyagedereve #heaven #birds #pink #flamantrose #beachvibes #passionpassport #traveltok #holidayvibes #nature #caribbean #vacances #hotel #privateisland #viral #frypgã‚· #foryou #pourtoi #decouvrirlemonde #easthetic ,0,0,0,0
156,_evasworld,https://www.tiktok.com/@_evasworld/video/7218139781425925382,A gorgeous 5 star resort in greece for just Â£235pp!! 7 nights with breakfast included in the price #adultsonly #corfu #greece #fivestarhotel #beachresort #allinclusive #greekholidays #kavos #hoteltok #traveltok #honeymoon #budgettravel ,0,0,0,0
157,visit,https://www.tiktok.com/@visit/video/7250207902382722330,"Have you heard of the islandğŸ“#Borneo ? Located in South East Asia, this destination is divided by 4 political regions and is home to stunning turquoise waters, lots of wildlife, and amazing beachesğŸ˜  â¡ï¸Save this post for your bucket list and tag who youâ€™d bring here  ğŸ¥ IG: @melourra  #visitborneo #islandlife #postcardplaces #traveltiktok #traveltok ",0,0,0,0
158,mataharidharma,https://www.tiktok.com/@mataharidharma/video/7184171750626774277,"It may just be a Starbucks, but it boasts one of the BEST views of Prague ğŸ¤© ğŸ‡¨ğŸ‡¿  ğŸ“Starbucks Prague Castle  #prague #praguecity #starbucks #starbys #traveltok #dreamon #praguetrip #thingstodoinprague #praguethingstodo #praguetravel #praguetips ",0,0,0,0
159,_courtneychanel,https://www.tiktok.com/@_courtneychanel/video/7316102159018282272,Only a morning person on airport mornings âœˆï¸ #traveltok #travelcouple ,0,0,0,0
160,thrillist,https://www.tiktok.com/@thrillist/video/7216370705460399406,I donâ€™t know about you but Iâ€™m feelinâ€™ 22 #travel #traveltiktok #traveltok #cruise #cruisetok #freetrip #freestuff #travelhack #lindbladexpeditions #greenscreen ,0,0,0,0
161,chelseasfitlife,https://www.tiktok.com/@chelseasfitlife/video/7387266890525150494,My trip to Fort Lauderdale has honestly ruined Galveston for meâ€¦â€¦ #traveltok #fortlauderdale #galveston #travel #beach #vacay,0,0,0,0
162,yasbarker_,https://www.tiktok.com/@yasbarker_/video/7356488315811417376,The zara in barcelona is incredible! The best shopping thereâœ¨#barcelona #barcelonathingstodo #barcelonatiktok #barcelonaguide #barcelonatravel #barcelonazara #zara #fashion #barcelonatips #traveltok #traveltiktok #citybreak #barcelonacity #fashiontiktok #foryoupage #trending #fupã‚· #fypã‚·ã‚šviral ,0,0,0,0
163,no.ships.given,https://www.tiktok.com/@no.ships.given/video/7222706371471478059,"No matter what, I was going on my cruise anyways! ğŸ˜‚ğŸ›³ï¸ #noshipsgiven #cruise #cruising #cruiseship #cruisetok #cruises #cruiseships #cruisecontent #cruisingcontent #bookacruise #cruisevacation #cruiseterminal #royalcaribbean #carnivalcruise #msccruise #cruiseports #vacation #travel #traveltok ",0,0,0,0
164,wanderlustandwhiskey_,https://www.tiktok.com/@wanderlustandwhiskey_/video/7349933807295941918,One of the most random dining experiences of my life but so much fun and definitely worth experiencing once if you're visiting Denver. But you need to get yourself on the waiting list several months ahead still. #casabonita #visitdenver #denver #traveltok #themedrestaurant #uniquedining ,0,0,0,0
165,traveling_for_life_555,https://www.tiktok.com/@traveling_for_life_555/video/7216676337451535622,Its Bangkok Trend ğŸ’Ÿâ¤ï¸ Location in end of the video âœ¨â˜ºï¸ #à¸à¸£à¸¸à¸‡à¹€à¸—à¸à¸¡à¸«à¸²à¸™à¸„à¸£ #bangkok #thailand #traveltok ,0,0,0,0
166,beldator,https://www.tiktok.com/@beldator/video/7359751795251399942,peek the back gains !!! sabi pala nila kuya ako (daw) first pinay na nakapag double backflip sa cambugahay HAHAHAH?? award ??? pwede na ba yan ilagay sa cv chos #fyp #foryou #travel #traveltok #solotravel #cambugahayfalls #siquijor ,0,0,0,0
167,travel_connoisseur,https://www.tiktok.com/@travel_connoisseur/video/7379283073055182112,This is your sign to visit Turkey ğŸ“Antalya  #traveltiktok #travel #traveltok #travelinspo #travelideas #traveldestinations #traveltips  #antalya #turkeyğŸ‡¹ğŸ‡· #antalyaturkey ,0,0,0,0
168,melinoursss,https://www.tiktok.com/@melinoursss/video/7367739945861205264,"Are they hot, or are they just surfers? #fyp #portugal #surfer #traveltok ",0,0,0,0
169,onlyluckyycan,https://www.tiktok.com/@onlyluckyycan/video/7267515737302977798,I finally got to use this sound ğŸ˜­ğŸ˜­ thank you lord !!! #america #foryoupage #viral #travelvlog #studenttok #traveltok ,0,0,0,0
170,tamfict23,https://www.tiktok.com/@tamfict23/video/7222810536709278982,Gamechanger on my cross-country roadtrip #carcamping #roadtrip #travel #traveltiktok #traveltok #roadtriphacks #roadtrip #drivingtips ,0,0,0,0
171,thomas_hunt_,https://www.tiktok.com/@thomas_hunt_/video/7337043145504394529,Thailand really does it differently VC: @halle | solo travel âœˆï¸ğŸŒ #thailand #solo #solotravel #solobackpacking #travel #traveltok #seasia #southeastasia #thailandtok #travelthailand ,0,0,0,0
172,steffmontehermoso,https://www.tiktok.com/@steffmontehermoso/video/7383326853383081222,Thank God we landed safely ğŸ˜­  #airplane #plane #philippines #fyp #foryou #foryoupage #travel #travelvlog #travellife #traveltiktok #traveltok #travelphilippines #hongkong #philippines #philippinestiktok #flights #clarkinternationalairport ,0,0,0,0
173,joshadrift,https://www.tiktok.com/@joshadrift/video/7303874689108167941,Find people who make you feel like YOU ğŸ«¶ğŸ½ #solotravel #travelfilmmaker #traveltok #motivationalquotes ,0,0,0,0
174,brodie.capron,https://www.tiktok.com/@brodie.capron/video/7376506490758139143,Old habits die hard âœˆï¸ #fyp #traveltok #cabincrew #aviation #flightattendant #passenger ,0,0,0,0
175,keekstravels,https://www.tiktok.com/@keekstravels/video/7201643113314569515,what do you think? would you move to any of these places? Italy Video: @kelseyinlondon  Greece Video: @hayley_travel  Canada Video: @meghanorourkee & @claudiarychterr  Scotland Video: @thestorytellers_mtl  Switzerland Video: @swiss_beautiful  #italy #oneeurohomes #scotland #switzerland #greece #canada #payyoutomove #traveltok #traveltiktok #moveabroad #traveltips #liveaboard #livinginscotland #livingingreece #livinginswitzerland #livingincanada #safecountries #seetheworld #citizenship #residency ,0,0,0,0
176,mikaybennett,https://www.tiktok.com/@mikaybennett/video/7190043269345168683,the view from the top of the Eiffel Tower will never get oldâœ¨  â€¢ â€¢ â€¢ â€¢ â€¢ â€¢ â€¢ â€¢ â€¢ #fyp #foryou #foryoupage #paris #eiffeltower #tourdeeiffel #tourdefrance #eiffeltowerparis #eiffeltoweratnight #eiffeltowerview #eiffeltowersunset #eiffeltowertiktok #emilyinparis #eiffeltowersparkle #topoftheeiffeltower #topiftheeiffel #paris #parisfrance#paristravel #parisfood #parisfranceeurope  #europeitinerary #europeansummer #europeantravel #summer #summervacation #europetravel #europe2023 #summervacation #travelitinerary #trending #viral #traveltok #traveltips #travelhacks #travelguide #italyguide #restaurantreview #parisguide #parisaesthetic #parisedit #paristrip #paristraveltips #paristravelgoals #whattodoinparis #bestview #views #2022 #sunset #sunsetinparis #parissunset #parisfashionweek #parisfashion #parisfilter #parismood #parisbucketlist #parisphotgrapher #parisphotospots #emilyinparisseason2 #emilyinparischallenge ,0,0,0,0
177,goturkiye,https://www.tiktok.com/@goturkiye/video/7240137839369882885,Are you ready for the UEFA Champions League final? ğŸ† The Trophy has already started to explore Ä°stanbul. Follow the Trophyâ€™s Footsteps and be all hyped up for your own Ä°stanbul story.  #GoTÃ¼rkiye #TrophysFootsteps #UCL2023 #Ä°stanbul2023 #UCLinÄ°stanbulisthenewcool #UEFAChampionsLeague #UEFA #ChampionsLeague #Ä°stanbul #Trophy #Football #TiktokTravel #Traveltok #Traveltiktok #TÃ¼rkiye #Travel #FYP  #Discover #Explore ,0,0,0,0
178,extremeofficial,https://www.tiktok.com/@extremeofficial/video/7257284734923935002,Can you pronounce their names? ğŸ¤” (IGğŸ¥: @isaackhadzabe)  #Extreme #UNREEL #names #travel #traveltok ,0,0,0,0
179,annelienoa,https://www.tiktok.com/@annelienoa/video/7403729351675579681,Say yes? #maldives #islandlife #tropics #travellife #traveltok #foryoupage #fyp #traveling #maldivesvacation #maldivestiktok ,0,0,0,0
180,thegreatbritishsteakbake,https://www.tiktok.com/@thegreatbritishsteakbake/video/7281638780786806048,Houghton Le Spring is a dream #houghtonlespring #durham #stanley #peterlee #northerner #geordie #newcastle #gateshead #sunderland #traveltok #bucketlist #CapCut ,0,0,0,0
181,janniklsr,https://www.tiktok.com/@janniklsr/video/7398223649523649825,you promise?ğŸ¤#fyp #traveltok,0,0,0,0
182,visit,https://www.tiktok.com/@visit/video/7270209075047058720,"Did you know that you can go ğŸ“#FlyLining in #Grindelwald #Switzerland ?ğŸ˜² Fly lining is similar to ziplining, except that it moves at a slower pace with 360-degree turns.  â­ï¸Add this place to your Switzerland itinerary ğŸ¥ @Anna Leigh Wilson  #visitswitzerland #switzerlandtravel #grindelwaldswitzerland #traveltiktok #traveltok ",0,0,0,0
